Unit√©	F	f_1715_Lesage_GilBlas1	score_1715_Lesage_GilBlas1	f_1715_Lesage_GilBlas10	score_1715_Lesage_GilBlas10	f_1715_Lesage_GilBlas12	score_1715_Lesage_GilBlas12	f_1715_Lesage_GilBlas2	score_1715_Lesage_GilBlas2	f_1715_Lesage_GilBlas3	score_1715_Lesage_GilBlas3	f_1715_Lesage_GilBlas4	score_1715_Lesage_GilBlas4	f_1715_Lesage_GilBlas5	score_1715_Lesage_GilBlas5	f_1715_Lesage_GilBlas7	score_1715_Lesage_GilBlas7	f_1715_Lesage_GilBlas9	score_1715_Lesage_GilBlas9	f_1721_Montesquieu_LettresPersanes1	score_1721_Montesquieu_LettresPersanes1	f_1721_Montesquieu_LettresPersanes2	score_1721_Montesquieu_LettresPersanes2	f_1721_Montesquieu_LettresPersanes3	score_1721_Montesquieu_LettresPersanes3	f_1731_Prevost_Cleveland1_1	score_1731_Prevost_Cleveland1_1	f_1731_Prevost_Cleveland1_2	score_1731_Prevost_Cleveland1_2	f_1731_Prevost_Cleveland1_3	score_1731_Prevost_Cleveland1_3	f_1731_Prevost_Cleveland2_1	score_1731_Prevost_Cleveland2_1	f_1731_Prevost_Cleveland2_2	score_1731_Prevost_Cleveland2_2	f_1731_Prevost_Cleveland2_3	score_1731_Prevost_Cleveland2_3	f_1731_Prevost_Cleveland3_1	score_1731_Prevost_Cleveland3_1	f_1731_Prevost_Cleveland3_2	score_1731_Prevost_Cleveland3_2	f_1731_Prevost_Cleveland3_3	score_1731_Prevost_Cleveland3_3	f_1731_Prevost_ManonLescaut1	score_1731_Prevost_ManonLescaut1	f_1731_Prevost_ManonLescaut2	score_1731_Prevost_ManonLescaut2	f_1731_Terrasson_Sethos1_1	score_1731_Terrasson_Sethos1_1	f_1731_Terrasson_Sethos1_2	score_1731_Terrasson_Sethos1_2	f_1731_Terrasson_Sethos1_3	score_1731_Terrasson_Sethos1_3	f_1731_Terrasson_Sethos2_1	score_1731_Terrasson_Sethos2_1	f_1731_Terrasson_Sethos2_2	score_1731_Terrasson_Sethos2_2	f_1731_Terrasson_Sethos2_3	score_1731_Terrasson_Sethos2_3	f_1731_Terrasson_Sethos2_4	score_1731_Terrasson_Sethos2_4	f_1732_Crebillon_Marquise1	score_1732_Crebillon_Marquise1	f_1732_Crebillon_Marquise2	score_1732_Crebillon_Marquise2	f_1734_Marivaux_Cabinet	score_1734_Marivaux_Cabinet	f_1735_Marivaux_Marianne3	score_1735_Marivaux_Marianne3	f_1735_Mouhy_Paysanne1_1	score_1735_Mouhy_Paysanne1_1	f_1735_Mouhy_Paysanne1_2	score_1735_Mouhy_Paysanne1_2	f_1735_Mouhy_Paysanne1_3	score_1735_Mouhy_Paysanne1_3	f_1735_Mouhy_Paysanne2_1	score_1735_Mouhy_Paysanne2_1	f_1735_Mouhy_Paysanne2_2	score_1735_Mouhy_Paysanne2_2	f_1735_Mouhy_Paysanne2_3	score_1735_Mouhy_Paysanne2_3	f_1736_Crebillon_Egarements1	score_1736_Crebillon_Egarements1	f_1736_Crebillon_Egarements2	score_1736_Crebillon_Egarements2	f_1736_Marivaux_Marianne4-5	score_1736_Marivaux_Marianne4-5	f_1736_Marivaux_Marianne5-6	score_1736_Marivaux_Marianne5-6	f_1737_Marivaux_Marianne7-8	score_1737_Marivaux_Marianne7-8	f_1738_Prevost_Cleveland4_1	score_1738_Prevost_Cleveland4_1	f_1738_Prevost_Cleveland4_2	score_1738_Prevost_Cleveland4_2	f_1739_Prevost_Cleveland5_1	score_1739_Prevost_Cleveland5_1	f_1739_Prevost_Cleveland5_2	score_1739_Prevost_Cleveland5_2	f_1739_Prevost_Cleveland6_1	score_1739_Prevost_Cleveland6_1	f_1739_Prevost_Cleveland6_2	score_1739_Prevost_Cleveland6_2	f_1740_Duclos_MMeLuz	score_1740_Duclos_MMeLuz	f_1740_Prevost_Grecque1	score_1740_Prevost_Grecque1	f_1740_Prevost_Grecque2	score_1740_Prevost_Grecque2	f_1741_Duclos_Confessions	score_1741_Duclos_Confessions	f_1742_Marivaux_Marianne9	score_1742_Marivaux_Marianne9	f_1759_Voltaire_Candidefull	score_1759_Voltaire_Candidefull
NOM	303111	4692	-2.0632	5871	-0.5717	6116	-1.648	4381	0.3052	4224	-0.8896	5905	-1.0075	4169	-2.0378	5342	-2.7757	2927	-0.6592	4393	-2.0022	4335	0.3364	4691	1.585	6626	13.2905	4878	4.2937	5010	4.114	5454	7.4186	5027	8.6892	5036	8.3054	5689	10.1632	4666	5.0266	4768	-1.1887	4805	-5.4773	4995	-5.4778	7615	174.0112	5510	95.9036	5823	125.1582	6943	99.838	7907	118.7676	6752	67.0467	3968	61.0188	3618	-65.8813	3709	-48.1917	5804	-109.4752	2664	-84.4442	5944	-2.3313	5454	1.6337	6107	3.9482	6163	0.4377	5218	-2.1072	6576	-1.0019	4223	-150.6531	4033	-219.7851	3298	-79.8099	3689	-89.5845	4832	-142.7145	6092	7.2975	6950	8.1334	6742	10.8156	5763	20.9923	6291	17.2229	7253	23.3357	4760	-4.921	6493	-5.888	6872	-6.3392	6890	-4.4448	3210	-30.3947	5945	2.2122
PRO:PER	266714	4618	8.4966	5419	3.1403	5630	1.3927	3886	0.5355	4050	5.9577	5281	0.3207	4120	8.0755	5195	6.2778	2730	2.2053	3681	-7.3821	3212	-26.1202	3096	-59.2186	5285	-0.8381	4177	1.3338	4378	2.8889	4365	-1.5919	3938	-2.409	3889	-4.067	4243	-9.3943	3952	1.0434	4618	7.6979	4862	8.9673	5064	9.9448	2604	-1000.0	2422	-128.4691	2118	-220.9267	3134	-165.5718	3627	-171.8861	3429	-120.3961	1958	-60.1488	5508	113.6305	5078	64.144	7501	31.1932	4067	48.0115	6675	74.2953	5166	13.629	5296	1.9303	5850	10.4837	5491	30.7992	6629	25.4489	6426	61.5656	6752	75.9714	4739	46.6038	5482	72.0227	7514	112.7709	4824	-3.1453	5422	-5.7142	4999	-13.3617	4007	-16.0998	4672	-6.9288	5126	-17.448	3705	-32.869	6337	5.1108	6371	-0.3477	6702	6.5118	3830	15.1508	3564	-127.3065
PRP	228816	3477	-3.1406	4410	-0.7206	4812	1.0295	3071	-5.2713	2978	-6.4671	4373	-2.1495	3182	-1.0518	4186	0.3139	2184	-0.9646	3120	-8.0306	2972	-7.9275	3191	-5.9729	5101	14.6802	3972	16.6588	3915	7.8252	4250	11.3013	3995	17.0326	3968	14.4594	4573	23.2779	3456	2.1205	3898	4.3684	3977	1.8513	4254	5.0955	4905	27.3071	3634	16.3269	3843	25.7305	4958	41.8154	5433	31.6383	4935	33.8435	2667	12.5234	2828	-37.096	2885	-27.0356	4376	-80.7051	2179	-38.066	3763	-44.057	3476	-20.0942	4247	-2.4449	4354	-5.3124	3690	-9.8535	4477	-17.3381	3759	-35.6134	3838	-40.8974	2817	-21.8745	3000	-38.8255	4139	-42.5372	4578	4.8699	5415	12.9504	5407	25.1437	4524	27.4709	4969	26.4833	5649	28.2558	3436	-10.0612	5710	15.0301	6117	19.5896	5017	-9.292	2786	-2.1211	3690	-27.8615
PUN	153369	2720	7.9521	3499	20.8379	3556	12.2042	2611	17.2046	2407	6.9687	3327	7.6943	2298	2.3106	2691	-1.9001	1490	-0.4083	2663	14.6322	2515	12.2018	2692	15.4487	2556	-23.9027	1682	-50.4492	1772	-45.7206	1973	-38.1811	1824	-32.0973	1804	-35.5725	2407	-7.0147	1909	-12.5703	2036	-19.8531	2577	-0.3153	2744	1.0245	2280	-28.8319	1635	-31.4659	1612	-40.6557	1946	-64.8068	2340	-52.8742	2048	-54.3238	1233	-19.0769	2426	1.1293	2322	-0.3223	4729	52.6105	2727	82.4571	4074	68.5159	3518	57.1612	3723	45.472	4022	61.2213	3095	12.9412	4031	30.25	3311	6.9704	3540	13.394	2873	41.8733	3277	54.6247	4346	64.4526	2399	-22.6989	2716	-27.807	2649	-22.5676	2108	-24.4911	2313	-29.7774	2636	-34.5238	2694	2.9004	2548	-64.9834	2686	-70.7056	3274	-10.3663	2449	29.679	4036	93.7702
ADV	146285	2422	1.4481	2659	-4.2533	2797	-5.1116	2149	0.6679	2109	0.7022	2906	0.385	2013	-1.2103	2855	3.8129	1368	-1.3937	2135	-0.9455	2133	0.7944	2306	1.8746	2612	-10.1134	2012	-6.5732	2021	-9.5731	2269	-4.6341	2120	-2.5858	2163	-1.6647	2357	-4.0888	2039	-1.5853	2253	-1.6949	2367	-1.6102	2333	-5.7578	2165	-28.4734	1576	-27.9336	1613	-28.7349	1939	-48.9098	2298	-41.7384	2174	-24.7478	1121	-24.9701	3161	80.2123	2997	60.5183	4756	79.3817	2356	40.0793	2788	-3.3162	2144	-18.8078	2392	-17.6467	2696	-6.9621	2417	-3.9939	3119	-1.5085	4165	119.9985	4316	126.6321	2761	42.3991	3075	45.525	4223	71.2746	2613	-2.793	2838	-8.7627	2701	-9.4219	2240	-6.5443	2524	-5.45	2695	-16.8252	2713	8.7716	3282	-0.461	3585	1.1744	3827	9.5536	2297	24.1431	2320	-20.7813
DET:ART	132601	2079	-0.7317	2573	-0.4127	2672	-1.0385	1997	1.5458	1810	-1.2813	2626	0.3165	1837	-0.9125	2338	-1.4682	1258	-0.8893	2204	6.6155	2292	19.8928	2577	37.748	2799	2.4805	2018	-0.3718	2118	0.6285	2252	0.4955	2028	-0.3657	2095	0.9118	2359	0.9928	2017	1.7822	1898	-7.1852	2095	-2.8685	2183	-2.7136	3715	136.7085	2528	55.1016	2803	92.7624	3253	68.9268	3750	88.1506	3186	53.7853	1838	38.4808	1346	-63.9685	1415	-47.4268	2732	-24.7253	1041	-57.1898	2276	-16.5286	2213	-2.1771	2509	-0.7965	2467	-5.3403	2079	-9.009	2493	-16.7209	1947	-46.4923	1820	-78.9802	1263	-62.7471	1421	-68.7025	1905	-94.682	2450	-0.851	2838	-0.4307	2811	1.1503	2495	7.5616	2762	7.9532	3176	10.0923	2407	5.4338	2988	-0.3469	3112	-0.877	3360	4.3183	1243	-31.2169	2834	9.8681
KON	116996	1647	-7.5514	1974	-11.4585	2026	-16.9222	1575	-2.7692	1431	-8.6427	2091	-6.3078	1477	-6.15	1835	-11.8057	990	-6.1483	1804	1.0095	1753	1.7055	1786	0.5299	2317	-0.6126	1784	-0.3333	1858	0.4699	2032	1.1622	1915	2.675	1789	-0.4342	2076	0.8441	1746	0.9079	1974	1.9392	1901	-1.2234	1895	-3.5207	2254	1.7004	1818	6.0329	1707	0.7816	2191	1.5601	2613	6.0713	2297	3.7287	1179	-0.4651	2085	11.3526	1917	3.5884	3199	8.283	1648	8.3687	2133	-6.6515	1845	-6.1856	2313	0.9524	2425	0.9259	2267	5.0051	2819	6.3594	2589	8.506	2661	8.0932	1981	11.3163	2024	2.557	2781	5.0486	2256	0.8387	2494	-0.518	2296	-2.2261	1822	-3.9766	1985	-5.9959	2272	-6.5019	1976	0.6568	2476	-3.4672	2682	-1.9785	2764	-0.4006	1614	3.3951	1937	-10.4136
VER:pres	99619	1080	-44.1745	1545	-21.7232	1816	-7.9956	1142	-16.5052	1483	1.6018	1612	-17.4317	1080	-21.3985	1418	-23.6868	851	-4.7804	2075	49.0081	2034	55.5563	1949	29.7384	1911	-1.7264	1398	-3.3556	1576	0.3854	1553	-3.0358	1274	-11.6565	1230	-16.3122	1633	-2.0421	1534	2.003	1548	-1.0202	1035	-66.736	905	-113.1574	2051	6.5209	1437	1.0715	1446	0.6102	1939	3.6685	2093	1.1108	1776	-0.823	1048	0.8127	2523	127.3098	2376	100.3828	4166	231.2721	1765	51.3107	2820	68.7085	2206	27.1812	2151	7.2657	2319	11.2677	2133	17.7521	2531	12.8593	1652	-13.9116	2061	0.5494	1822	21.8603	2260	53.5671	2613	19.5659	2007	2.8657	2132	-0.41	1932	-2.6509	1568	-2.8324	1648	-7.4977	2081	-0.961	1245	-26.8986	740	-316.309	814	-320.3913	1515	-82.6898	1061	-9.2586	2006	2.3022
VER:infi	79925	1231	-1.0292	1483	-1.6419	1607	-0.8704	1087	-1.6967	1021	-3.5015	1516	-1.3376	1067	-1.7765	1424	-0.7926	795	0.489	959	-12.7434	917	-11.9909	834	-30.5545	1744	3.6491	1386	5.9372	1454	7.8704	1596	11.4503	1511	15.3281	1468	11.0004	1575	6.7689	1273	3.3432	1585	16.5298	1455	2.9504	1608	8.2233	1012	-38.9647	874	-13.8263	841	-20.9242	1225	-8.7713	1360	-12.0206	1423	-0.7802	718	-3.6833	1372	4.7011	1376	5.9661	1523	-27.7819	737	-16.0913	1362	-10.9043	1252	-4.8685	1621	1.6997	1640	0.5317	1438	0.5184	1748	-0.4025	1593	0.4133	1922	12.415	918	-13.9592	930	-28.3142	1440	-15.1125	1779	11.8398	2084	17.9101	2009	18.263	1556	7.872	1737	9.3422	2028	13.8356	1470	4.4169	2218	21.7391	2406	28.7994	1958	1.1051	817	-10.6915	942	-59.8354
ADJ	77036	1107	-3.9224	1419	-1.9026	1378	-7.9988	1146	0.7963	1012	-2.1597	1509	-0.4547	950	-5.668	1388	-0.5325	645	-4.7515	1330	7.042	1306	9.5064	1513	23.7045	1639	2.0494	1112	-1.6001	1131	-2.0759	1294	-0.3121	1284	2.8234	1328	4.6906	1431	2.368	1142	0.6123	1110	-4.0346	1271	-0.6101	1225	-3.4804	2000	49.5325	1395	21.6897	1417	20.7745	1786	25.7411	1840	11.3573	1552	4.336	928	6.6576	1142	-0.9819	1140	-0.6892	1857	-0.9426	805	-5.8985	1401	-4.7688	1276	-1.7783	1421	-1.3771	1507	-1.069	1381	0.4472	1533	-4.7227	1554	0.6572	1541	-0.7002	1038	-2.2865	1007	-13.2137	1284	-25.9412	1431	-0.5587	1566	-2.0327	1488	-2.384	1275	-0.6695	1498	1.0746	1704	1.0158	1282	0.3256	1371	-20.7132	1617	-7.7819	1854	0.5579	758	-13.5494	1717	10.5568
SENT	69507	1327	10.2566	1409	1.1319	1426	-0.3959	1153	5.8599	1301	22.5149	1635	11.8586	1246	15.4251	1612	20.7294	882	13.698	1101	1.5397	1025	0.8237	1026	-0.6017	1390	-0.3559	1106	1.0534	1214	3.9092	1242	1.8076	1085	0.5317	1135	1.6042	1234	0.6902	1156	5.6879	1351	11.8649	1453	15.955	1623	30.0444	985	-18.5272	781	-9.9019	803	-9.8199	1039	-9.8367	1106	-18.1153	1037	-11.5323	637	-2.5649	1250	7.7904	1357	19.6209	2122	21.3579	857	0.3745	1236	-5.9413	888	-24.0348	592	-121.4698	661	-113.5279	1040	-8.4608	1236	-15.0927	1516	4.1883	1599	6.0437	952	-1.5625	1213	2.1135	1579	1.0692	1292	-0.5292	1517	0.524	1250	-6.7595	980	-9.0294	1161	-4.7802	1358	-3.7375	1247	2.5337	1463	-2.5826	1577	-1.8245	1750	2.2007	723	-8.1688	1571	11.2756
PRO:REL	57913	774	-7.0266	1013	-3.8153	1042	-5.7813	658	-10.4759	637	-11.1745	912	-12.8582	740	-2.8775	981	-2.1536	510	-2.1363	835	-0.8596	770	-1.6694	774	-3.5818	1071	-2.5733	925	1.0494	913	0.3206	906	-1.8963	850	-1.0404	878	-0.5017	994	-0.4254	824	-0.5542	889	-1.0518	861	-4.0625	773	-15.0935	1139	1.7863	851	1.2478	893	2.0256	1123	2.2333	1308	4.0243	1139	2.2336	645	1.8957	731	-7.9911	739	-6.3253	1695	11.463	890	10.8747	993	-7.6072	1008	-0.3969	1270	5.6304	1240	1.6277	1112	2.3774	1359	2.0661	1165	0.5439	1223	0.9139	976	5.5896	1122	8.3974	1422	4.9417	1225	4.5175	1287	0.8971	1329	4.2962	1161	8.3418	1235	5.426	1418	6.551	720	-16.302	1554	11.1929	1521	3.9169	1184	-7.456	969	16.4773	737	-32.4361
VER:pper	56717	825	-2.5672	946	-6.6559	1113	-1.3958	646	-10.0994	594	-14.7353	965	-6.3112	693	-4.7998	923	-3.909	521	-1.1409	751	-3.5947	741	-2.1891	772	-2.7636	1226	2.3228	941	2.2372	1004	4.0373	997	1.095	843	-0.7664	875	0.3057	951	-0.8339	762	-1.8615	1018	3.7457	979	0.6824	1102	3.7141	1049	0.3123	864	2.3993	866	1.6667	835	-9.3002	1063	-2.6184	905	-4.919	539	-1.3151	800	-2.2146	857	-0.3296	956	-38.2276	608	-3.4573	1089	-1.3975	952	-1.0909	1123	0.7241	1244	2.646	1038	0.7933	1333	2.1053	1161	0.9156	1145	-0.4622	624	-13.3358	827	-3.3058	1165	-2.0184	1242	7.0858	1435	9.258	1347	6.8961	1138	8.2621	1198	4.6553	1483	13.7578	908	-0.8757	1669	25.9609	1903	46.4019	1418	1.6127	679	-1.2487	1066	-0.4646
DET:POS	55879	867	-0.7166	1083	-0.3806	1118	-0.8535	750	-1.7098	730	-1.8904	1218	3.4696	773	-0.6552	938	-2.4487	599	1.8827	790	-1.2875	670	-5.9465	573	-23.1991	1444	20.649	973	4.6029	1055	8.6723	1217	18.3271	913	1.5267	1013	6.8363	1227	15.6815	882	2.1759	1081	9.2199	1006	1.8238	1044	1.85	774	-17.2702	747	-0.8773	564	-18.3308	822	-9.2349	1073	-1.6425	992	-0.7309	636	2.5367	848	-0.4488	864	0.5483	862	-53.2351	504	-12.9472	1090	-0.9455	1039	1.5154	1104	0.6747	1033	-2.9011	917	-2.1351	1284	1.2225	697	-40.7787	680	-50.8981	600	-15.117	664	-17.8788	963	-15.192	1400	24.818	1631	32.7604	1525	26.2716	1138	9.5489	1220	7.1296	1530	20.6529	893	-0.9076	1517	12.2874	1582	10.9319	1330	0.3307	713	0.3328	679	-37.5008
VER:simp	45470	1177	54.8216	1240	29.7592	1240	21.2345	872	15.6766	891	20.4517	1265	31.3803	1011	41.0774	1092	18.1801	606	12.9873	374	-38.3782	244	-75.7358	358	-43.8715	1029	4.1835	870	10.4033	817	4.1055	842	2.5786	807	4.6531	854	8.1985	734	-1.6258	646	-0.5357	746	0.5586	912	7.1444	975	9.8753	362	-79.1031	367	-30.8362	413	-23.2774	662	-8.3079	703	-14.538	797	-0.9137	412	-2.1516	111	-172.15	156	-135.7529	388	-147.6559	285	-37.4558	1214	20.8007	1131	29.2947	1036	7.2843	1209	20.0	965	7.7035	1247	14.026	719	-9.9522	714	-13.4315	416	-24.9014	571	-10.6552	882	-4.1761	832	-0.7269	971	-0.3948	944	0.3656	732	-1.0597	880	0.7353	837	-5.6878	736	-0.6084	1080	1.3181	1127	0.9368	1401	21.3041	600	0.7415	968	3.6015
PRO:DEM	36079	488	-4.1777	679	-0.7622	745	-0.2963	474	-1.7571	522	0.501	638	-2.7528	481	-1.1149	645	-0.5388	337	-0.697	531	-0.4476	536	0.7402	592	1.6973	622	-4.4158	503	-1.748	517	-1.8139	515	-4.2528	512	-1.453	523	-1.104	604	-0.7124	535	0.4952	555	-0.7983	502	-5.3284	470	-11.162	693	0.8183	485	-0.6486	553	1.3441	674	0.7794	748	0.4914	667	0.4217	302	-3.7293	511	-1.5274	506	-1.4221	1348	46.972	620	15.5945	933	13.0074	755	6.0358	835	6.9969	911	10.5283	740	4.3128	901	4.0962	782	2.2643	736	-0.3081	755	21.2546	804	17.3689	1030	16.0464	561	-6.0813	639	-6.947	585	-9.4441	560	-1.7241	567	-5.2969	653	-5.5062	445	-10.9051	680	-6.4009	695	-9.0569	738	-4.8951	559	5.65	582	-4.7816
PRP:det	30766	434	-2.4116	599	-0.3118	720	3.36	454	0.4798	429	-0.4153	517	-4.2316	410	-1.0294	549	-0.537	285	-0.7402	541	3.9536	524	4.4321	655	16.9539	563	-1.9188	413	-2.466	489	0.3824	503	-0.5727	498	0.9159	501	0.9543	454	-3.736	384	-2.9552	321	-16.6277	457	-2.4916	491	-1.6747	1155	107.0839	797	58.3755	874	76.9449	1006	68.7257	1103	68.221	843	28.8716	448	12.5256	333	-11.4768	332	-10.7569	587	-11.0168	173	-31.9122	496	-7.2505	442	-5.2497	559	-1.1126	500	-6.9107	460	-4.1727	551	-6.7141	375	-24.5809	410	-20.6993	282	-16.9726	277	-27.9941	353	-43.1997	532	-1.6938	606	-1.9036	600	-1.0914	556	1.2155	568	-0.4546	736	2.8071	536	0.8706	704	0.4335	701	-1.0167	648	-3.0798	251	-13.9652	781	14.5445
NAM	29429	467	-0.3461	698	6.699	1189	99.9901	421	-0.3666	494	3.9924	826	21.6932	514	5.5833	610	2.9766	441	16.8549	544	6.1343	464	1.7613	626	16.1683	462	-7.9255	579	8.7642	262	-24.3227	378	-7.8102	309	-12.4997	251	-25.3334	401	-6.7169	256	-19.1159	447	-0.9135	383	-7.2067	430	-4.2088	507	-1.2473	263	-14.5756	444	0.9244	651	6.9242	588	-0.4938	706	12.0366	297	-0.3539	82	-103.3311	165	-53.2936	611	-5.5865	140	-40.2528	352	-27.366	394	-8.1707	366	-19.588	487	-5.7922	218	-52.044	319	-47.3604	751	11.2852	1026	57.4805	299	-10.8711	334	-12.1749	466	-13.694	443	-6.5163	715	3.1765	716	5.1714	378	-8.1295	466	-4.1679	558	-2.8594	1483	298.8711	610	-1.8198	731	0.8094	693	-0.3741	205	-21.5559	1513	252.9141
VER:impf	29049	962	93.4015	903	39.5467	849	21.9771	837	73.8444	629	23.5423	1071	78.8022	839	77.4838	1041	87.9304	433	16.2056	445	0.4998	348	-3.4528	423	-0.614	40	-194.4432	54	-123.3903	101	-91.4916	135	-81.2195	69	-111.1374	85	-99.3887	30	-173.2191	27	-142.697	35	-151.7182	1094	126.8613	1227	166.9471	11	-214.2817	16	-149.5087	3	-175.3395	26	-186.2603	29	-211.7283	16	-203.643	12	-109.1073	167	-52.5515	130	-68.6424	787	2.22	601	32.761	65	-169.5381	61	-142.6705	56	-167.576	61	-173.7546	50	-155.7063	65	-190.3133	1498	235.2255	1312	148.3264	917	98.9572	861	59.0623	1357	140.7845	36	-184.461	38	-214.4409	36	-205.9645	29	-169.2803	34	-185.7367	35	-217.0718	965	85.875	2100	1000.0	2111	1000.0	1943	1000.0	1026	178.7619	918	46.8232
PRO:IND	17709	242	-2.1924	290	-2.9847	270	-7.2108	213	-2.5234	194	-4.0188	282	-4.1316	193	-4.2572	268	-3.1587	119	-5.176	263	-0.3324	290	1.9537	307	2.0884	365	0.501	271	0.3005	301	1.0316	348	2.6575	352	5.8528	348	5.2505	355	2.4359	289	1.5867	336	2.8732	285	-0.628	287	-0.9839	530	25.0684	334	7.3076	345	7.8761	409	6.3162	459	6.5711	432	8.5065	172	-0.5623	221	-3.1762	232	-1.9297	360	-4.3316	128	-10.5185	274	-5.8102	274	-1.769	260	-5.7401	315	-2.025	233	-6.1622	277	-9.2118	296	-2.8554	275	-6.0903	199	-4.1594	205	-7.0046	312	-4.6115	384	2.4387	439	2.7447	474	7.7132	394	7.1278	369	1.6185	441	3.0073	286	-0.4814	445	1.8884	474	2.114	459	1.5092	183	-2.7074	351	0.6416
VER:subi	12093	89	-16.6891	96	-24.9299	91	-30.8351	84	-13.9798	49	-27.95	126	-15.5316	67	-19.5522	104	-18.2559	43	-15.0051	37	-38.6395	52	-26.789	47	-32.6647	403	20.9966	327	21.0838	297	12.5779	299	9.8874	290	12.3128	300	14.2132	341	16.648	303	18.1224	433	50.0112	131	-7.5622	159	-4.0504	110	-16.8372	156	-0.748	121	-4.7256	161	-4.5366	209	-2.1322	197	-1.2674	103	-1.4788	169	-0.9579	180	-0.3767	88	-47.3068	60	-15.984	290	2.6468	240	1.5082	413	26.5309	421	24.6583	352	17.6893	477	31.7025	296	3.7373	232	-0.7602	100	-9.6505	91	-16.9031	126	-21.4363	320	8.4467	385	12.8387	427	24.612	336	17.004	415	29.2876	410	17.9355	216	0.8312	229	-2.5182	270	-0.8857	211	-5.9662	63	-16.2883	51	-46.3505
VER:ppre	10824	190	0.9858	259	3.1542	263	2.3027	136	-1.2872	108	-4.2088	201	-0.7182	120	-2.6135	197	-0.3069	99	-0.5723	44	-27.8114	54	-20.3782	71	-15.6878	227	0.5786	200	2.3367	174	0.4015	209	1.5907	211	3.3884	213	3.5357	199	0.6734	133	-1.59	186	0.7376	203	1.1896	227	2.4406	182	-0.9795	167	1.0084	211	5.1491	259	5.2924	248	1.4536	242	2.9586	154	4.3551	71	-16.5151	87	-10.7225	151	-14.6954	101	-2.62	171	-3.4094	237	3.3181	277	5.5382	222	0.3637	169	-1.3268	204	-1.9257	150	-5.7566	142	-8.2584	101	-6.1164	104	-8.7367	151	-9.1485	281	6.8309	313	6.601	350	14.9155	259	7.2808	300	10.1153	282	3.1494	180	0.2989	374	14.456	395	15.055	136	-16.4691	66	-11.2149	163	-3.012
VER:futu	10497	120	-4.2588	181	-1.3257	166	-3.7926	111	-3.5393	114	-2.7744	147	-5.3567	103	-4.4809	131	-5.8065	118	1.1346	123	-2.5925	99	-5.289	122	-2.8337	218	0.4976	161	0.3069	199	2.277	192	0.8912	167	0.4782	119	-3.6475	174	-0.5404	191	2.8802	205	2.4937	112	-7.012	89	-14.3668	131	-6.0972	112	-2.7458	128	-1.4225	194	0.4396	233	0.9971	270	7.4144	104	-0.3897	345	36.4194	373	47.8259	324	4.2477	207	10.092	384	26.395	349	27.3603	346	20.025	285	6.0278	311	16.7233	389	21.3654	99	-16.7837	129	-9.8985	214	5.8739	247	7.6977	290	4.1426	174	-1.3675	238	0.6601	180	-2.2671	114	-6.7782	178	-1.0532	201	-1.2717	99	-9.5815	80	-32.2948	62	-46.563	85	-33.4881	120	-0.8918	140	-5.4087
NUM	10352	223	5.0178	259	4.264	281	5.3078	196	3.8561	221	8.3538	184	-1.1334	205	5.5	248	4.691	125	1.9206	311	28.3703	318	34.0951	320	30.7222	162	-3.3212	143	-0.9309	149	-0.8389	179	0.4382	161	0.3507	207	3.8058	110	-7.9505	117	-2.5924	96	-8.7621	219	3.2915	203	1.2735	254	5.1773	209	6.7504	259	16.4721	239	4.0064	289	6.8476	261	6.5166	144	3.7034	102	-6.1836	82	-10.6345	206	-3.262	57	-11.6787	169	-2.6913	127	-5.031	107	-12.5779	123	-10.4111	134	-4.2192	159	-6.1826	124	-9.3035	85	-22.8625	103	-4.6805	137	-2.1943	146	-8.4642	111	-10.6385	152	-6.6632	224	0.6099	111	-6.9848	143	-4.243	123	-12.811	54	-25.5379	187	-3.1171	216	-1.6871	166	-7.5556	165	2.5925	547	95.4705
VER:cond	7074	112	-0.314	186	4.3138	155	0.6207	104	0.3537	106	0.5348	144	0.4245	118	1.3241	174	4.0493	69	-0.2833	141	3.2386	164	8.4146	130	1.8314	80	-8.1496	54	-8.31	76	-3.6491	63	-8.0159	54	-8.4227	57	-7.6132	68	-7.4118	70	-3.4486	87	-2.2754	166	4.6557	169	4.2986	29	-26.5995	27	-17.0465	18	-23.724	27	-26.7622	52	-18.3805	32	-24.192	22	-11.4517	174	8.4399	161	6.2131	337	27.7424	187	20.5773	98	-4.4585	96	-2.3243	89	-5.1068	105	-3.3653	94	-2.7485	121	-2.6928	337	45.8926	333	41.5712	204	18.3427	229	20.6609	310	28.0749	62	-11.6158	76	-11.4594	53	-18.4489	70	-6.3186	63	-11.123	65	-15.0695	195	10.6298	207	3.7937	230	5.4093	196	1.7621	126	3.7753	102	-2.7421
VER:subp	5422	54	-4.0026	90	-1.1978	97	-1.0943	53	-2.8449	44	-4.5189	66	-4.9929	39	-5.9782	61	-4.6597	36	-2.0864	120	4.5567	115	4.473	89	0.6517	119	0.7557	54	-3.3681	105	1.69	105	1.086	93	0.814	110	2.5247	75	-1.6244	88	0.7958	94	0.6213	53	-5.0647	36	-11.5067	182	13.1691	142	11.4507	145	11.5842	162	8.9994	178	8.8636	137	3.8288	54	-0.3318	172	17.2126	169	16.7871	146	0.7856	77	0.969	132	1.7074	113	1.4082	125	1.5693	92	-1.3506	91	-0.4989	132	0.8831	98	-0.7063	131	1.5011	71	-0.6964	86	-0.3677	105	-0.9896	92	-0.7864	97	-1.4839	88	-1.9767	83	-0.713	103	0.3317	94	-1.7438	82	-0.6716	39	-18.2199	28	-27.0211	55	-12.9892	50	-2.0005	75	-2.6975
INT	2608	37	-0.5823	56	0.5971	57	0.4539	56	2.5375	61	3.8065	70	2.104	50	1.6215	36	-1.3332	27	0.3864	27	-1.5793	24	-1.8737	23	-2.4857	22	-5.8356	11	-7.2492	19	-4.0444	33	-1.2805	22	-2.8955	32	-0.9687	20	-4.7394	23	-2.2109	35	-0.7945	37	-0.7793	38	-0.8385	8	-12.1337	12	-5.6169	4	-11.3015	4	-15.2052	15	-9.3109	3	-16.5803	22	-0.6668	60	2.7392	106	18.149	168	27.0914	134	41.4561	121	15.6094	97	10.7511	52	0.3728	47	-0.6325	44	-0.394	95	5.5852	31	-2.9005	29	-3.7492	111	21.7373	124	24.1565	174	35.8681	70	2.5584	63	0.7112	31	-3.3284	9	-9.9374	8	-12.4291	28	-4.6239	43	-0.2827	4	-20.1234	6	-19.4253	10	-15.6994	40	0.8712	19	-6.3079
PRO:POS	1678	9	-4.2279	33	0.2958	28	-0.8419	10	-3.0591	16	-1.2199	30	-0.4869	4	-6.2134	12	-4.0083	10	-1.1998	15	-1.6899	14	-1.7106	8	-4.2544	45	1.4627	29	0.5563	38	1.7271	41	1.8774	24	-0.3846	30	0.6367	28	-0.3308	11	-2.7169	31	0.6215	28	-0.2732	28	-0.3449	9	-5.5246	11	-2.4632	12	-2.2712	103	25.2606	48	1.8551	19	-1.7962	11	-1.0991	58	7.5981	41	2.5953	53	1.3282	22	0.395	21	-1.9486	19	-1.5807	22	-1.466	24	-1.3503	18	-1.8687	15	-4.4992	30	-0.4872	36	0.3906	38	2.2111	38	1.5286	56	2.7564	46	2.0387	60	3.8402	40	0.7011	39	1.4885	33	0.3787	61	4.1317	17	-1.7394	41	0.4854	51	1.2756	31	-1.0619	20	-0.3548	13	-3.9465
PUN:cit	1252	4	-4.8211	0	-10.719	0	-11.353	0	-7.9166	0	-7.7576	3	-7.3869	0	-7.7915	0	-10.0361	3	-2.7411	8	-2.3655	3	-4.7523	35	3.2926	8	-4.2212	0	-8.3778	0	-8.624	0	-9.2262	0	-8.4168	0	-8.4492	0	-9.5164	0	-7.9584	0	-8.8012	10	-2.2418	11	-2.1094	0	-10.1405	0	-7.6249	0	-7.811	0	-9.8767	0	-11.2004	0	-10.0242	0	-5.5753	0	-8.4284	0	-8.3098	22	-1.2585	1	-5.4824	2	-8.5553	0	-9.631	2	-8.0767	6	-5.4013	0	-9.7414	0	-12.1066	103	32.1859	85	20.3803	8	-2.2292	2	-6.5588	13	-2.8078	0	-10.3611	2	-9.2295	0	-11.3427	0	-9.2811	1	-8.912	0	-11.7907	0	-9.1077	179	83.7293	185	84.951	137	47.8292	4	-3.396	415	1000.0
PRO	775	12	-0.2744	27	2.4746	25	1.6728	11	-0.2554	12	0.3791	19	0.693	9	-0.4731	16	0.4601	5	-0.6365	4	-2.0163	8	-0.6496	8	-0.7575	8	-1.5744	3	-2.6117	8	-0.8514	11	-0.4587	8	-0.7971	7	-1.0451	11	-0.5117	13	0.4696	6	-1.4597	11	-0.4586	12	-0.3934	3	-3.4719	8	-0.6031	5	-1.4504	2	-4.0486	5	-2.8311	4	-2.8232	3	-1.3523	12	0.276	22	2.3482	63	15.197	21	3.1094	17	0.3965	14	0.3067	11	-0.7316	8	-1.6046	8	-1.1669	13	-0.7123	24	1.6363	19	0.6157	28	4.7891	41	9.936	47	9.0239	15	0.3045	15	-0.3997	9	-1.3784	6	-1.6315	6	-2.0173	11	-1.0149	11	-0.4378	17	-0.2883	10	-1.6585	10	-1.6268	16	1.3696	17	0.5071
ABR	334	7	0.5409	2	-1.3864	8	0.4133	1	-1.3408	2	-0.8316	1	-2.01	1	-1.3132	6	-0.2298	4	0.384	0	-2.1877	0	-2.0866	4	-0.3636	4	-0.7024	1	-1.4431	0	-2.3001	0	-2.4608	0	-2.2449	0	-2.2535	0	-2.5382	0	-2.1226	3	-0.6663	5	-0.2942	5	-0.3264	0	-2.7046	0	-2.0337	1	-1.3175	0	-2.6343	2	-1.4817	2	-1.251	0	-1.487	0	-2.248	3	-0.5952	7	-0.3838	0	-1.7872	4	-0.7129	1	-1.7256	4	-0.6432	5	-0.4822	2	-1.1967	5	-0.5935	0	-2.8992	0	-2.9948	0	-2.1271	0	-2.3826	0	-3.221	2	-1.3163	1	-2.2362	15	2.3431	11	1.5431	7	0.3589	1	-2.2246	0	-2.4292	2	-1.7297	8	0.2617	0	-3.4858	0	-1.8559	197	243.43
VER:impe	52	2	0.6949	1	-0.1365	3	1.0338	1	0.275	3	1.4255	2	0.5608	2	0.7721	4	1.8218	2	1.0354	3	1.3658	0	-0.3248	0	-0.3431	0	-0.4582	0	-0.3479	0	-0.3581	1	0.232	1	0.2574	0	-0.3508	0	-0.3951	1	0.2735	0	-0.3654	1	0.232	0	-0.3979	1	0.2071	0	-0.3166	0	-0.3243	5	2.6147	0	-0.4651	2	0.6099	0	-0.2315	3	1.3371	2	0.7294	0	-0.5665	1	0.3251	2	0.5476	0	-0.3999	0	-0.4399	0	-0.462	0	-0.4045	0	-0.5027	1	-0.1396	1	-0.1472	0	-0.3311	1	0.2408	1	-0.1655	0	-0.4302	0	-0.4916	0	-0.471	0	-0.3854	0	-0.4281	2	0.5129	1	0.2355	0	-0.516	0	-0.5469	1	-0.1877	1	0.3135	0	-0.434
