""	"1715_Lesage_GilBlas1"	"1715_Lesage_GilBlas10"	"1715_Lesage_GilBlas12"	"1715_Lesage_GilBlas2"	"1715_Lesage_GilBlas3"	"1715_Lesage_GilBlas4"	"1715_Lesage_GilBlas5"	"1715_Lesage_GilBlas7"	"1715_Lesage_GilBlas9"	"1721_Montesquieu_LettresPersanes1"	"1721_Montesquieu_LettresPersanes2"	"1721_Montesquieu_LettresPersanes3"	"1731_Prevost_Cleveland1_1"	"1731_Prevost_Cleveland1_2"	"1731_Prevost_Cleveland1_3"	"1731_Prevost_Cleveland2_1"	"1731_Prevost_Cleveland2_2"	"1731_Prevost_Cleveland2_3"	"1731_Prevost_Cleveland3_1"	"1731_Prevost_Cleveland3_2"	"1731_Prevost_Cleveland3_3"	"1731_Prevost_ManonLescaut1"	"1731_Prevost_ManonLescaut2"	"1731_Terrasson_Sethos1_1"	"1731_Terrasson_Sethos1_2"	"1731_Terrasson_Sethos1_3"	"1731_Terrasson_Sethos2_1"	"1731_Terrasson_Sethos2_2"	"1731_Terrasson_Sethos2_3"	"1731_Terrasson_Sethos2_4"	"1732_Crebillon_Marquise1"	"1732_Crebillon_Marquise2"	"1734_Marivaux_Cabinet"	"1735_Marivaux_Marianne3"	"1735_Mouhy_Paysanne1_1"	"1735_Mouhy_Paysanne1_2"	"1735_Mouhy_Paysanne1_3"	"1735_Mouhy_Paysanne2_1"	"1735_Mouhy_Paysanne2_2"	"1735_Mouhy_Paysanne2_3"	"1736_Crebillon_Egarements1"	"1736_Crebillon_Egarements2"	"1736_Marivaux_Marianne4-5"	"1736_Marivaux_Marianne5-6"	"1737_Marivaux_Marianne7-8"	"1738_Prevost_Cleveland4_1"	"1738_Prevost_Cleveland4_2"	"1739_Prevost_Cleveland5_1"	"1739_Prevost_Cleveland5_2"	"1739_Prevost_Cleveland6_1"	"1739_Prevost_Cleveland6_2"	"1740_Duclos_MMeLuz"	"1740_Prevost_Grecque1"	"1740_Prevost_Grecque2"	"1741_Duclos_Confessions"	"1742_Marivaux_Marianne9"	"1759_Voltaire_Candidefull"
","	2125	2808	2808	2061	1886	2689	1876	2183	1282	1875	1774	1920	2145	1520	1553	1758	1604	1603	2129	1665	1773	2075	2177	1819	1282	1305	1584	1781	1499	923	1818	1802	3371	1959	2785	2484	2723	2842	2523	3063	2824	3200	2004	2303	3103	2117	2367	2416	1905	2098	2374	2138	2340	2470	2445	1889	2732
"le"	1538	1939	2097	1518	1339	1956	1339	1677	908	1710	1805	2058	2216	1618	1708	1867	1669	1678	1923	1634	1539	1624	1695	3179	2164	2481	2763	3206	2720	1535	1104	1134	2229	771	1876	1805	2025	1993	1683	2011	1598	1489	977	1038	1522	1946	2284	2317	1986	2175	2531	2093	2398	2468	2668	951	2217
"de"	1543	2042	2297	1422	1342	2041	1416	1881	1016	1468	1408	1569	2440	1816	1792	1927	1814	1862	2152	1551	1785	1941	1973	2339	1549	1735	2240	2418	2183	1169	1320	1339	2028	943	1649	1472	1872	1867	1534	1889	1633	1628	1385	1530	1983	2178	2619	2521	2130	2368	2653	1657	2590	2797	2230	1309	1685
"que"	901	1084	1218	836	783	1127	863	1070	584	977	920	887	1277	1099	1160	1130	1003	985	1099	1028	1205	1112	1048	1024	858	826	1248	1515	1405	680	1378	1220	1969	997	1340	1120	1599	1562	1505	1803	1716	1810	1217	1206	1720	1363	1367	1368	1056	1126	1335	1018	1716	1791	1511	960	777
"."	1183	1185	1216	1000	1106	1408	1100	1442	779	936	874	905	1282	1047	1128	1090	1002	1018	1089	1016	1222	1279	1452	970	765	799	1029	1087	1030	601	833	896	1584	451	888	593	409	480	814	906	1199	1245	665	840	1062	1043	1251	1101	914	1084	1183	1096	1334	1427	1681	589	1216
"je"	1129	1233	1347	841	906	1082	935	1281	614	655	467	362	1188	793	761	610	798	813	819	1023	1085	1144	1221	111	153	94	124	245	152	134	1262	1081	1198	945	1505	1156	1233	1515	1426	1525	1317	1457	910	1164	1467	874	1079	814	870	960	1071	308	1496	1471	1754	740	519
"et"	658	764	742	644	592	840	585	639	382	610	577	663	886	654	651	797	832	715	852	630	705	666	677	936	739	656	828	933	792	453	537	521	1079	611	774	689	751	788	789	1018	805	798	707	782	1021	852	987	875	735	776	838	694	801	905	1072	652	899
"il"	728	793	884	623	606	795	578	779	380	684	663	725	833	711	562	802	733	641	712	569	524	716	716	617	661	607	1075	958	1085	488	459	409	1186	492	887	600	668	733	798	1037	522	546	545	564	799	696	722	861	477	661	696	799	806	826	498	409	736
"à"	585	713	764	513	499	693	501	735	384	550	489	463	798	622	635	730	687	623	723	569	575	629	685	697	531	509	723	871	755	372	460	479	766	426	643	569	695	820	677	889	590	654	474	514	693	693	887	935	736	784	945	529	965	1020	774	471	645
"être"	575	782	829	501	514	719	543	715	388	704	759	718	527	405	542	496	364	460	529	449	436	829	795	427	295	308	390	469	380	188	614	579	1420	716	767	695	644	685	608	726	994	1014	807	960	1241	433	489	444	381	439	502	891	984	1122	1285	607	922
"ne"	509	606	611	465	460	676	426	646	302	537	551	520	662	489	541	591	490	530	581	525	591	536	559	446	364	314	437	499	512	221	896	892	1177	608	737	577	641	761	682	890	1032	1116	673	765	1069	679	749	718	544	665	711	703	871	959	1012	554	507
"me"	786	774	810	483	535	595	543	824	431	340	173	111	682	649	533	415	513	440	534	703	697	813	750	47	79	35	43	123	69	71	781	756	574	489	976	830	1014	1128	999	1115	926	890	502	684	920	846	1003	634	726	654	759	127	1147	990	1100	512	224
"un"	654	802	742	574	590	822	586	794	416	601	587	644	747	517	507	478	468	515	540	478	467	625	641	627	459	440	577	678	608	380	394	391	783	381	585	527	581	602	546	644	557	514	441	516	592	644	681	635	603	706	796	451	731	812	850	396	764
"avoir"	630	749	861	522	483	723	526	723	392	595	594	626	565	388	441	458	305	305	375	354	425	697	805	381	253	246	356	375	313	174	624	556	1079	611	553	445	456	477	427	500	871	870	693	807	1163	466	509	454	367	344	525	684	1262	1334	1017	605	724
"ce"	419	597	646	402	439	564	418	529	282	401	397	436	549	434	443	446	439	430	515	461	491	428	417	512	376	429	542	600	550	250	410	419	1086	535	752	650	710	774	625	768	639	613	631	670	880	501	559	480	476	476	558	339	595	623	566	487	510
"vous"	280	487	384	283	325	520	391	326	328	312	167	177	264	193	285	228	115	104	118	238	281	237	269	126	165	132	186	314	218	157	1694	1356	969	734	785	637	489	400	505	589	705	940	627	771	1065	334	371	262	184	227	285	355	274	208	356	391	329
";"	402	508	523	367	352	458	301	350	138	472	446	432	309	131	156	160	157	165	225	182	219	260	194	337	273	244	258	378	380	216	448	404	872	504	920	693	746	928	419	630	262	164	627	831	1053	253	302	208	186	172	209	432	182	191	726	463	695
"en"	386	447	545	310	342	456	342	490	216	226	249	302	389	376	333	383	339	331	394	285	324	332	366	425	304	314	429	393	388	221	359	289	664	322	538	450	495	503	480	583	498	483	398	429	554	290	337	332	297	323	349	378	355	428	524	294	372
"du"	295	407	491	317	285	343	268	378	196	426	410	519	397	299	345	341	369	360	342	284	207	336	330	915	598	681	740	802	591	320	234	250	445	124	331	264	398	340	317	372	268	316	197	185	242	355	424	415	385	389	513	384	487	485	459	151	587
"qui"	292	404	388	260	258	351	288	406	202	409	393	375	386	340	312	317	327	365	384	315	301	294	256	509	357	370	431	477	418	237	172	234	684	361	303	348	381	470	346	472	364	397	421	453	573	433	481	490	469	464	517	297	518	504	467	426	351
"mon"	467	467	437	309	308	409	318	424	282	208	172	74	611	396	316	372	284	392	532	478	521	543	497	53	96	26	58	129	70	74	389	347	255	281	521	547	528	563	512	682	294	282	284	357	485	693	742	598	564	437	578	157	635	629	592	293	187
"son"	234	318	442	254	214	551	254	331	187	221	217	227	604	413	237	273	305	261	498	254	378	289	355	417	322	287	341	501	583	381	105	192	336	115	389	310	417	351	280	448	282	236	204	167	272	517	627	699	357	527	694	523	696	753	491	305	278
"elle"	143	162	162	176	149	386	138	167	99	125	186	215	472	305	347	153	179	186	435	262	548	312	374	250	83	98	56	132	137	187	95	237	523	187	493	310	280	312	243	272	865	729	463	423	717	550	501	561	344	435	482	448	609	661	830	396	128
"se"	239	278	330	213	242	417	200	299	135	227	225	286	360	283	276	326	283	313	403	212	310	236	231	359	281	254	406	346	382	209	151	158	399	127	328	336	341	354	262	420	322	324	216	216	310	394	440	567	323	403	399	402	396	513	282	189	288
"pour"	250	345	395	228	239	310	242	310	195	191	181	170	353	316	326	314	290	281	357	293	308	312	353	249	235	212	324	368	354	187	319	312	318	158	297	267	308	336	299	349	315	361	181	177	315	357	370	410	342	382	422	274	453	484	392	200	178
"faire"	289	394	439	269	227	306	245	359	180	241	262	261	266	244	240	260	242	217	235	256	256	268	274	196	157	196	284	270	288	157	234	194	321	136	381	292	388	321	321	361	283	295	145	188	254	293	321	340	270	305	377	219	445	484	414	145	273
"dans"	245	318	267	196	182	300	227	254	137	267	288	291	339	240	240	247	221	245	323	232	253	228	235	408	331	338	412	431	363	201	144	187	272	123	229	273	270	300	216	272	249	177	119	167	207	289	340	340	315	327	382	208	420	444	355	167	317
"lui"	173	322	373	221	202	302	189	258	164	166	151	149	287	270	199	228	244	247	274	163	283	292	310	219	226	234	348	425	462	241	81	87	332	171	274	164	253	241	203	349	236	314	192	212	360	277	321	381	264	325	384	368	482	479	337	215	231
"pas"	231	252	250	190	197	255	205	310	129	188	193	187	169	136	128	144	109	154	137	125	130	191	216	117	112	99	131	146	176	73	416	364	474	253	328	254	223	327	256	389	461	547	251	293	404	232	259	236	187	212	228	295	283	333	356	163	214
"tout"	193	227	229	189	164	215	166	226	102	221	229	255	222	170	191	200	186	189	221	181	224	170	178	398	214	237	266	297	309	146	205	217	315	127	199	204	187	216	147	226	223	218	195	201	319	280	300	300	236	194	265	190	270	296	313	164	295
"plus"	131	145	196	134	120	200	135	162	104	172	192	200	181	160	160	188	200	196	231	178	198	188	171	283	142	164	231	240	199	124	230	268	250	147	179	138	195	188	163	170	398	325	199	191	273	218	250	259	227	199	250	292	283	271	373	170	176
"nous"	253	311	184	308	257	230	499	211	106	179	221	123	216	197	627	770	334	379	135	80	89	220	277	52	82	43	111	93	73	26	99	142	367	77	140	224	142	143	60	146	146	187	108	196	248	81	75	64	128	173	139	38	50	106	181	77	183
"la|le"	123	144	140	106	119	175	127	135	68	169	173	187	228	176	176	205	177	208	177	130	193	168	193	173	144	150	200	205	222	102	132	141	312	123	194	127	147	171	136	194	245	280	171	173	278	187	240	226	168	225	262	202	260	283	265	158	153
"si"	129	185	162	136	107	179	112	186	86	162	142	174	234	177	167	179	158	141	175	135	186	217	181	49	59	57	57	64	83	56	240	218	215	112	186	158	207	238	227	276	262	215	138	155	185	210	280	241	197	229	244	109	252	282	140	95	122
"avec"	133	173	163	100	133	162	144	142	64	83	64	78	204	172	152	149	160	169	184	152	194	164	183	82	59	86	141	161	124	68	97	100	165	64	173	159	193	204	183	183	171	197	131	100	164	222	217	255	191	242	219	130	283	274	294	133	126
"au"	139	192	229	137	144	174	142	171	89	115	114	136	166	114	144	162	129	141	112	100	114	121	161	240	199	193	266	301	252	128	99	82	142	49	165	178	161	160	143	179	107	94	85	92	111	177	182	185	171	179	223	152	217	216	189	100	194
"dire"	168	228	268	173	215	205	185	225	119	131	139	128	87	79	90	89	67	51	51	81	103	146	154	76	59	71	80	110	107	57	134	116	429	251	271	164	146	189	136	234	228	242	292	350	391	90	94	74	37	51	68	103	117	97	158	179	408
"on"	116	105	103	106	109	102	80	130	49	187	191	183	94	100	126	115	56	60	83	104	87	99	62	273	227	167	151	284	216	80	99	118	349	125	194	188	192	223	178	251	252	271	172	245	219	67	94	78	88	107	87	110	111	112	202	160	243
"mais"	91	96	105	75	73	137	83	130	44	119	114	104	151	112	120	136	124	106	138	116	129	141	144	175	155	137	157	195	181	96	179	158	246	87	119	150	156	170	128	154	207	191	142	163	218	166	203	174	125	153	170	145	221	228	210	86	130
"par"	81	139	139	85	70	100	94	117	72	117	111	134	180	119	138	141	155	140	152	159	136	123	137	295	232	225	256	280	226	164	75	85	137	65	104	73	132	98	99	118	126	97	66	64	84	187	174	215	209	203	246	133	217	230	183	66	122
"y"	109	141	154	104	98	133	105	155	70	123	164	180	174	130	128	130	130	115	153	127	110	145	120	88	78	66	102	138	83	35	107	120	306	149	183	144	93	138	129	151	157	142	180	210	238	83	107	123	87	103	78	92	140	145	220	136	152
":"	169	158	195	157	138	150	104	121	56	300	286	316	88	26	60	49	59	36	53	59	41	35	37	124	80	62	98	181	169	91	138	103	416	218	313	281	204	199	123	299	194	144	210	87	118	24	31	21	17	38	49	117	12	17	97	42	206
"même"	78	86	96	65	81	124	66	71	35	108	113	95	156	115	128	116	132	110	177	123	142	88	97	230	177	177	225	260	250	122	99	92	156	63	57	58	77	78	55	67	171	141	84	77	143	189	205	189	157	157	216	117	192	190	161	63	56
"sur"	106	98	107	68	65	107	70	102	52	70	57	71	117	121	112	111	122	107	128	82	113	95	116	150	121	161	164	140	170	94	90	61	94	48	79	99	117	123	113	106	132	149	51	53	104	107	149	144	106	116	156	82	186	140	140	45	125
"moi"	81	125	131	74	78	98	87	114	75	80	46	26	117	108	97	91	85	74	96	80	129	115	127	12	26	6	22	35	28	32	177	158	157	144	163	113	133	128	160	132	185	159	128	165	229	121	145	92	89	86	132	51	151	160	151	116	71
"étoit"	0	0	0	0	0	0	0	0	0	0	0	0	251	242	151	205	221	151	218	131	220	0	0	160	146	152	135	182	199	120	42	53	0	0	221	192	199	287	242	334	0	0	0	0	0	245	248	284	195	290	260	0	0	0	0	0	0
"pouvoir"	91	117	132	84	77	153	58	83	67	102	113	105	106	61	77	102	94	108	110	71	91	121	144	68	48	36	35	70	65	31	138	161	144	61	87	68	70	73	45	85	218	292	84	102	122	76	98	90	73	84	115	168	213	228	201	70	120
"avoit"	0	0	0	0	0	0	0	0	0	0	0	0	212	191	163	165	164	102	149	99	177	0	0	184	140	154	205	212	253	146	19	40	0	0	210	137	182	215	234	286	0	0	0	0	0	320	265	344	217	258	302	0	0	0	0	0	0
"?"	53	106	114	42	70	111	57	77	53	100	93	68	55	27	49	83	47	62	93	87	67	79	87	7	13	2	9	12	6	20	278	216	338	199	168	143	95	101	138	173	181	203	157	230	292	129	137	87	34	55	111	84	88	77	35	65	169
"point"	72	88	95	79	79	130	79	64	38	84	78	52	170	110	148	170	144	137	133	124	116	87	95	63	43	59	45	78	88	28	81	83	163	73	76	72	111	115	105	87	86	85	83	113	130	106	105	101	80	124	114	46	149	146	117	86	57
"bien"	135	163	157	132	113	131	103	144	59	84	77	114	44	37	37	46	45	40	38	39	47	71	69	49	41	50	53	87	91	31	102	66	243	140	196	121	109	141	118	159	99	118	125	150	181	25	35	30	42	47	70	52	41	67	83	119	119
"sans"	70	75	85	54	62	92	67	73	35	53	67	58	110	95	82	116	103	99	115	91	100	94	113	52	54	44	58	71	74	43	78	83	109	52	89	87	84	100	101	84	148	201	69	48	104	113	139	126	95	128	153	76	124	130	137	59	44
"!"	91	118	96	111	125	116	89	93	50	65	58	53	53	32	37	69	36	55	52	53	62	95	84	8	3	2	1	7	1	16	139	245	200	207	180	152	88	80	88	157	136	151	130	143	225	120	129	62	32	22	64	67	41	73	34	69	186
"leur"	61	60	54	36	59	51	47	47	21	141	130	179	77	50	111	159	210	198	112	64	52	27	31	225	197	168	346	286	215	81	23	23	72	6	26	17	27	17	29	23	27	38	25	21	14	48	78	94	123	122	78	91	86	86	87	32	106
"voir"	85	98	120	89	80	113	74	116	50	80	87	103	95	59	71	49	54	55	61	59	103	91	79	27	27	32	28	39	42	22	119	144	206	96	93	50	49	70	66	95	155	141	123	128	181	88	104	63	58	64	69	88	122	138	115	83	117
"quelque"	58	66	60	51	43	83	43	66	24	48	43	59	138	114	96	134	138	120	129	114	130	124	119	69	53	50	69	90	82	33	56	47	75	41	54	46	39	44	38	37	86	60	43	55	80	119	134	162	145	143	155	88	185	177	99	53	64
"votre"	41	134	90	56	58	145	74	55	72	75	46	31	60	35	75	70	22	24	22	63	106	42	50	52	99	61	33	99	91	73	314	260	109	80	131	114	105	68	82	98	74	98	55	84	143	103	132	91	43	54	100	99	67	68	98	43	52
"comme"	78	82	84	74	65	80	55	95	37	99	93	101	100	80	81	76	58	72	88	64	77	71	59	113	99	98	97	147	91	45	31	44	123	62	68	46	49	70	59	77	62	57	72	81	95	80	90	75	63	78	75	47	86	74	89	61	69
"où"	78	112	81	52	48	73	63	85	45	100	57	78	68	54	48	44	54	61	73	36	69	76	86	92	65	71	69	109	100	58	52	51	95	74	63	73	82	61	60	83	60	60	55	73	107	106	111	85	87	100	113	52	112	92	80	104	44
"autre"	72	79	64	62	75	70	62	91	36	99	100	111	58	45	61	49	90	67	59	44	52	60	58	125	86	98	132	142	118	49	59	52	137	39	61	45	33	58	52	42	67	65	70	52	64	73	81	79	67	110	104	65	93	88	113	41	95
"prendre"	78	75	84	56	60	81	66	79	35	31	22	37	71	59	82	73	91	87	79	81	70	63	94	54	28	41	61	53	65	38	46	44	89	64	57	74	50	69	49	52	73	76	63	62	83	84	85	120	73	94	100	55	120	151	83	40	63
"dont"	33	67	73	28	29	56	45	53	25	31	32	32	55	58	44	55	59	40	62	50	30	46	29	128	52	104	100	122	87	34	28	43	100	46	58	67	120	104	90	79	64	70	46	66	64	79	81	104	105	113	135	68	118	125	86	64	36
"celui"	26	29	39	24	36	32	21	39	19	94	92	98	43	54	66	49	56	67	67	47	42	38	31	148	88	107	115	120	84	41	46	36	120	20	75	52	69	81	50	58	77	65	48	41	50	52	66	93	76	76	78	84	78	62	141	36	38
"trouver"	48	63	61	47	52	68	50	59	34	65	57	52	100	54	50	50	48	45	59	60	46	76	88	37	30	27	50	44	40	24	59	50	76	25	76	59	66	86	54	71	96	83	43	45	57	46	59	59	63	60	77	69	125	131	148	33	50
"la"	41	48	41	30	26	69	25	45	28	33	65	31	92	37	42	44	31	60	53	57	80	57	77	34	22	10	26	38	44	38	25	44	98	39	94	53	49	52	39	45	116	113	98	55	113	88	71	83	67	69	78	84	135	111	145	82	27
"donner"	67	74	82	57	58	66	61	83	36	49	45	40	51	40	37	44	34	38	37	25	49	41	49	68	40	44	70	95	67	35	65	45	82	28	85	72	100	84	94	87	63	76	41	47	64	26	41	46	37	51	55	48	73	80	116	41	73
"notre"	40	78	45	67	54	46	76	55	34	72	74	57	83	75	317	341	91	135	58	20	24	90	97	32	34	25	34	66	34	17	17	36	70	22	25	50	27	36	13	29	21	28	24	31	39	30	41	34	53	80	75	17	33	45	64	38	48
"encore"	60	38	63	45	48	56	31	47	22	27	31	30	61	40	31	44	45	41	48	48	54	42	44	82	51	72	56	78	82	31	65	80	96	38	43	31	58	47	48	51	81	102	61	73	102	77	92	94	72	69	64	76	61	73	83	62	48
"vouloir"	75	82	96	52	69	76	74	89	41	75	78	54	32	18	18	27	21	12	19	23	22	62	43	13	18	19	29	52	38	17	113	89	123	69	87	72	70	54	66	84	128	163	73	78	94	32	22	31	11	21	25	74	58	61	97	45	64
"homme"	65	57	40	44	65	84	65	72	37	116	107	84	77	38	38	33	25	30	31	21	22	38	38	73	93	66	73	85	72	45	43	36	195	61	50	39	75	37	52	41	56	27	50	53	50	25	29	42	30	41	46	62	58	30	93	29	104
"ou"	40	40	40	32	27	31	30	40	18	43	62	56	56	44	34	54	44	43	52	43	28	50	44	178	145	125	115	124	79	44	34	31	101	33	28	29	46	36	33	31	53	63	56	57	49	48	57	31	50	46	57	69	53	65	71	44	38
"jour"	53	82	81	47	62	49	48	59	34	66	43	53	45	57	31	51	44	60	47	40	37	42	52	48	69	37	32	69	52	40	41	51	37	19	67	67	68	60	73	85	44	32	23	23	48	46	71	59	58	50	44	39	53	70	83	48	46
"venir"	81	81	61	57	48	66	71	75	55	43	31	36	41	26	37	26	30	26	28	35	39	64	70	16	14	12	38	36	36	27	41	64	96	62	72	71	56	63	53	69	53	38	77	95	137	29	46	32	31	20	33	61	65	65	53	88	35
"aller"	95	92	93	81	74	77	78	98	47	55	39	38	37	27	22	29	20	23	25	19	25	48	79	34	27	22	39	48	47	40	27	38	135	90	72	69	33	37	40	62	36	43	66	85	125	21	24	17	7	7	17	56	48	46	78	59	91
"rendre"	34	49	77	38	44	57	37	49	27	36	35	40	68	43	43	47	56	45	53	42	51	48	50	46	28	17	45	39	73	40	57	52	39	33	45	44	42	50	45	51	77	64	35	31	57	65	48	66	57	43	69	64	107	80	106	32	21
"devoir"	41	47	59	35	42	66	34	44	37	62	36	34	42	21	46	36	33	34	66	50	31	46	43	25	41	22	31	38	28	29	72	59	49	18	33	47	44	55	52	54	78	117	50	44	66	45	52	46	37	28	58	131	102	102	102	32	24
"croire"	34	57	45	31	36	62	27	39	23	57	38	36	25	37	37	35	31	21	21	45	41	44	42	15	16	20	19	31	26	20	119	98	82	48	40	35	35	62	29	40	134	169	48	53	70	61	66	57	20	45	29	76	72	95	72	37	39
"deux"	45	76	67	48	55	69	57	67	45	45	39	55	50	39	33	30	48	64	37	50	32	45	48	48	54	76	60	130	91	51	13	13	36	13	24	27	25	13	32	29	32	31	30	30	56	34	62	66	36	43	27	15	45	66	35	47	146
"après"	79	75	71	54	46	76	43	78	29	17	19	20	74	50	53	47	32	52	53	46	48	47	60	29	39	35	39	57	53	30	16	25	35	24	49	27	52	51	45	93	33	31	31	31	49	44	54	44	45	51	67	40	68	75	57	37	45
"rien"	33	26	25	24	24	30	14	45	11	22	40	37	52	35	46	39	49	43	56	48	40	39	53	18	19	11	16	18	21	6	53	52	106	64	53	42	42	35	45	54	94	85	71	75	102	42	49	41	45	44	52	41	73	69	70	45	45
"peu"	40	38	48	31	31	54	35	40	26	17	9	25	46	50	27	39	31	37	46	31	36	55	46	43	23	28	46	33	38	26	53	40	73	25	50	35	43	54	42	49	102	102	40	45	64	41	42	47	42	53	51	30	54	58	68	44	49
"moins"	22	31	31	19	15	41	30	26	20	22	38	27	59	50	46	51	54	55	45	43	45	53	43	33	25	36	28	31	28	19	56	63	56	26	21	17	29	30	23	42	117	119	39	37	54	57	65	75	52	52	69	51	70	67	51	30	19
"cœur"	4	15	15	6	9	31	6	8	13	29	27	13	59	38	40	33	24	30	48	47	67	59	40	13	7	2	7	12	9	20	68	59	66	36	51	58	46	42	41	44	73	66	55	43	80	88	75	89	56	68	115	59	54	72	93	22	16
"aussi"	37	43	40	29	34	35	33	32	17	42	34	42	37	31	41	42	40	26	31	40	39	29	27	30	33	26	29	60	37	27	33	33	84	54	23	23	25	38	35	46	64	70	50	71	93	44	49	39	45	40	46	48	52	48	68	46	40
"parler"	29	43	51	33	32	51	28	57	34	45	42	49	31	25	31	24	15	18	22	21	28	33	38	36	32	27	29	33	29	15	24	22	87	54	62	50	48	62	67	59	80	79	64	75	95	30	33	23	14	23	17	27	29	30	74	52	46
"grand"	53	53	74	60	36	39	41	50	23	66	52	80	24	17	13	22	27	39	26	22	13	25	13	120	90	69	77	95	61	53	18	23	59	11	39	26	29	43	48	64	32	22	20	38	29	8	13	14	14	21	28	47	11	12	43	19	73
"jamais"	19	16	13	13	17	17	11	18	12	53	45	48	45	32	29	35	29	31	22	35	37	31	36	40	38	11	21	26	30	11	53	68	55	19	72	44	36	47	39	68	79	81	26	31	44	41	54	52	36	48	55	44	55	55	82	26	49
"répondre"	31	79	84	44	53	62	38	50	42	21	6	8	31	32	38	30	25	22	21	32	31	41	36	8	14	13	15	29	38	17	18	32	66	51	31	20	23	29	35	51	82	140	48	73	87	40	28	30	15	23	22	34	47	34	31	38	44
"mettre"	66	43	60	43	41	55	40	56	24	40	34	32	30	27	21	40	34	31	42	22	19	35	41	33	22	29	45	39	39	24	27	17	39	35	69	69	58	54	47	68	45	34	39	36	41	20	22	39	25	27	30	11	38	38	27	28	54
"suivre|être"	49	44	61	38	54	56	45	54	25	50	28	32	28	19	20	14	13	21	13	29	25	30	30	4	7	3	5	13	6	10	111	79	61	65	77	50	53	48	55	63	41	48	54	72	81	22	20	20	20	16	29	28	21	21	39	20	47
"femme"	28	29	11	40	23	54	40	31	12	84	56	60	17	9	13	7	17	17	4	1	7	9	12	33	25	14	13	30	3	13	41	37	106	14	42	19	30	73	36	49	89	103	21	47	27	32	28	22	26	25	25	61	86	44	149	42	32
"avois"	0	0	0	0	0	0	0	0	0	0	0	0	106	106	66	43	68	73	92	100	88	0	0	0	19	0	0	7	1	5	38	41	0	0	84	68	91	103	108	118	0	0	0	0	0	65	102	98	86	124	108	0	0	0	0	0	0
"laisser"	44	44	52	33	33	50	32	40	17	26	27	17	35	29	16	46	36	36	31	32	31	49	42	27	12	29	32	53	35	28	33	23	46	29	42	29	32	24	19	37	39	41	23	39	59	35	47	33	44	31	37	33	64	56	26	40	17
"aimer"	18	20	19	17	28	39	28	24	13	40	18	9	26	20	10	10	10	12	13	18	34	34	33	3	5	2	1	6	7	8	178	164	93	45	56	39	22	21	29	36	114	101	85	41	120	22	22	14	5	17	28	31	8	30	69	41	27
"passer"	45	39	42	34	37	44	32	36	24	32	21	31	40	22	21	25	25	24	30	30	35	44	38	26	32	23	21	28	42	19	20	28	62	23	48	57	30	44	29	43	26	34	23	40	42	44	34	30	32	28	42	23	57	61	57	44	35
"chose"	25	23	30	31	28	36	27	35	16	39	37	32	36	31	21	28	41	32	32	38	37	47	31	19	18	22	25	33	25	8	54	55	77	23	76	66	57	80	54	60	60	65	46	34	49	26	18	17	10	22	19	8	10	15	28	14	32
"savoir"	46	57	65	56	53	65	54	66	34	48	49	39	23	10	25	6	1	2	20	22	30	41	44	1	0	0	0	0	0	0	16	8	153	74	0	0	0	0	1	0	85	113	98	106	131	2	0	7	0	12	16	46	36	35	33	67	53
"assez"	43	26	48	21	22	42	25	40	13	19	15	19	52	36	30	22	28	40	37	27	33	26	34	19	14	3	27	21	19	17	48	43	44	12	29	24	42	43	36	52	59	65	22	30	31	36	38	57	42	48	37	38	46	58	63	28	32
"là"	45	51	39	50	55	36	38	65	31	21	21	35	21	10	5	9	11	13	13	16	15	11	25	61	55	53	52	66	51	35	18	23	175	69	24	11	12	18	11	35	39	26	66	62	111	11	6	4	7	8	12	18	3	10	32	63	25
"quel"	42	39	46	25	34	47	25	40	23	9	23	22	53	28	36	45	28	36	42	36	35	46	35	7	8	9	9	12	10	12	37	43	36	37	33	30	34	30	39	38	38	43	29	39	26	47	43	52	35	43	63	31	48	43	15	16	42
"bon"	66	86	67	63	56	52	41	80	36	19	28	18	23	21	9	16	16	23	12	30	10	37	26	29	5	13	11	20	20	1	32	23	76	43	59	31	41	49	64	83	21	30	64	44	43	8	7	13	7	17	14	8	20	19	31	30	56
"De"	10	0	7	2	4	2	0	4	0	1	0	4	0	2	0	0	0	0	2	14	64	0	0	3	0	0	0	0	0	0	21	60	3	0	23	64	52	95	8	38	215	305	0	0	0	28	38	57	12	19	7	461	0	0	223	0	5
"lorsque"	24	31	32	19	17	34	22	28	14	29	32	21	45	32	30	40	27	32	44	33	42	36	52	13	13	19	10	14	25	17	27	29	3	4	72	64	69	77	62	66	20	16	7	1	11	30	52	52	30	48	61	55	50	49	41	0	7
"paraître"	56	51	48	42	43	54	40	53	22	9	14	23	23	26	27	22	21	21	14	16	23	49	48	5	3	5	6	8	15	6	5	9	59	17	18	21	27	40	25	30	61	86	30	30	43	27	18	24	32	37	30	32	98	86	87	22	23
"Madame"	4	5	4	4	5	11	5	1	4	0	4	0	29	63	54	23	41	25	33	22	30	0	0	3	0	1	0	0	1	4	21	53	21	5	20	55	30	56	6	28	194	285	23	20	26	55	89	80	24	21	38	254	0	5	1	12	1
"seul"	19	18	15	6	10	23	12	15	8	28	16	29	43	34	31	43	35	34	31	30	30	32	33	58	39	35	36	60	54	38	23	38	16	12	34	33	31	31	30	30	42	45	17	11	15	45	58	42	37	57	53	38	47	58	33	8	10
"trop"	22	29	18	16	29	37	11	30	20	15	13	13	24	23	26	18	32	30	35	30	30	43	32	11	10	6	9	23	13	14	53	61	39	12	46	30	42	49	52	67	60	89	25	24	36	32	38	36	40	38	38	48	32	41	53	18	7
"fort"	48	45	55	45	42	64	59	55	23	17	14	35	27	15	14	22	49	21	23	25	25	35	35	8	18	14	23	19	14	3	13	16	38	27	34	33	20	39	30	28	25	39	29	29	43	32	28	43	39	37	32	19	39	43	48	25	35
"personne"	25	28	34	23	25	51	32	35	15	17	13	10	49	37	41	31	22	17	29	22	26	24	19	41	16	21	21	38	35	22	26	14	52	25	28	31	44	44	45	49	52	30	43	47	50	27	39	31	18	29	17	27	32	23	35	31	25
"fille"	4	29	37	8	6	52	29	14	33	9	20	7	27	38	61	25	22	51	15	11	37	16	24	2	7	10	2	39	22	6	3	0	16	65	78	60	39	28	22	26	1	1	66	56	76	19	51	34	40	61	100	1	37	36	12	58	34
"esprit"	22	31	44	17	25	42	14	40	13	32	43	30	33	20	16	20	11	12	27	32	26	19	16	53	19	18	17	34	16	14	21	12	110	10	25	14	33	27	38	19	42	49	66	15	28	32	27	26	36	34	37	37	38	32	71	15	14
"jusque"	18	18	21	15	27	33	17	33	6	20	13	16	47	44	28	55	38	36	42	22	34	34	35	45	30	45	31	57	64	23	10	12	15	15	20	18	20	27	29	28	16	16	10	16	23	50	47	37	42	52	32	14	38	65	18	21	23
"œil"	26	22	33	12	7	36	15	19	12	22	19	7	36	31	33	17	18	28	27	22	41	27	37	14	8	16	7	8	12	13	33	33	43	18	60	51	38	45	35	36	49	41	30	26	44	41	60	41	38	42	52	10	41	45	32	23	27
"demander"	32	38	46	27	25	40	25	38	20	18	22	11	38	24	31	32	28	13	24	29	32	36	41	15	14	12	19	28	18	14	19	20	33	18	20	27	33	49	36	46	29	25	31	21	32	37	43	38	25	25	35	18	56	44	34	17	33
"madame"	3	5	10	7	2	21	5	0	1	0	0	0	1	5	4	0	0	0	0	38	20	1	1	5	0	2	0	6	1	10	3	4	11	45	61	40	14	40	28	19	42	66	171	143	216	68	31	19	6	1	3	36	0	1	287	99	14
"amour"	8	12	12	11	3	42	25	11	12	24	13	4	38	26	31	27	16	12	27	33	36	48	52	9	6	3	4	11	18	27	103	83	42	19	38	18	37	24	22	29	75	60	17	16	28	19	20	35	20	24	22	51	27	42	124	6	11
"chez"	32	23	25	42	59	48	39	53	31	13	22	26	19	17	12	5	15	4	5	12	37	16	28	17	11	0	12	28	6	8	24	24	56	50	37	11	20	35	27	27	30	47	37	42	54	16	20	29	14	16	23	20	62	39	70	56	33
"cela"	34	44	53	42	41	31	38	66	34	21	29	36	5	2	3	8	9	13	8	8	12	20	11	16	13	9	5	11	16	6	46	36	109	56	87	31	28	42	41	56	45	44	59	70	86	0	0	0	0	3	0	4	0	2	16	31	20
"tant"	20	36	25	31	17	27	20	35	17	25	24	36	33	21	15	21	24	16	25	14	22	19	15	15	6	9	16	20	17	6	71	42	33	30	33	25	34	34	40	58	40	27	37	26	45	23	36	42	29	37	41	12	27	35	23	25	21
"peine"	20	35	28	13	12	25	16	25	14	16	22	22	40	34	27	35	31	38	50	30	26	36	39	20	14	9	19	18	18	14	27	25	37	16	37	30	23	30	29	58	25	22	15	17	31	43	52	34	31	30	36	15	36	29	30	16	20
"falloir"	43	42	34	47	37	43	27	53	19	51	57	50	24	8	12	16	15	12	10	10	14	40	42	13	10	8	10	12	10	7	23	24	77	39	39	35	14	15	26	26	35	37	42	39	54	9	10	6	4	12	9	32	12	23	39	24	54
"toujours"	18	35	23	12	15	17	10	25	11	64	67	56	30	30	13	20	29	20	34	27	24	28	23	37	11	0	0	0	1	0	42	48	56	11	1	0	0	2	3	0	68	53	33	30	38	28	40	30	22	32	26	52	27	35	93	21	49
"entendre"	25	31	24	26	23	44	19	30	17	19	13	9	21	26	39	36	25	32	21	26	47	30	15	9	9	9	16	20	11	11	20	12	59	28	39	27	31	33	21	44	32	19	24	29	31	41	38	29	23	45	29	15	48	52	21	20	24
"arriver"	34	33	31	25	25	30	29	29	15	18	17	17	41	26	18	19	19	26	32	18	30	32	30	15	16	18	24	25	27	14	17	12	41	25	40	52	51	42	32	63	18	19	27	31	35	18	26	26	16	12	22	20	23	24	27	21	35
"nouveau"	25	37	42	21	23	37	15	31	13	22	11	31	27	27	25	36	24	26	24	28	24	18	25	17	13	21	59	39	32	18	11	20	20	3	18	34	40	27	33	25	13	20	4	8	11	52	44	42	31	30	54	18	27	47	48	6	18
"monde"	21	20	24	23	18	14	22	17	10	31	37	30	27	10	16	6	8	11	13	10	6	18	17	26	23	21	18	16	20	13	41	35	85	21	35	34	39	43	32	35	61	61	37	26	42	20	16	14	7	14	19	16	14	9	58	31	60
"étoient"	0	0	0	0	0	0	0	0	0	0	0	0	42	41	37	52	64	89	37	22	25	0	0	117	84	89	72	91	62	28	2	16	0	0	27	21	30	40	17	33	0	0	0	0	0	40	38	58	60	60	56	0	0	0	0	0	0
"moment"	17	27	16	26	20	33	17	19	11	12	10	7	29	41	36	45	24	44	31	32	46	41	39	6	7	12	9	9	10	9	15	20	13	12	33	27	24	31	14	26	23	28	12	18	20	44	59	45	28	26	39	22	49	64	34	10	16
"ni"	10	8	10	9	8	15	7	6	3	18	26	17	27	21	20	37	21	21	23	21	32	23	32	40	23	21	35	20	31	22	16	15	75	38	19	6	18	19	6	11	46	48	41	46	68	34	38	38	17	16	28	17	30	29	45	21	44
"étois"	0	0	0	0	0	0	0	0	0	0	0	0	73	55	42	27	46	53	67	58	88	0	0	0	6	1	0	2	0	3	25	29	0	0	73	61	75	107	93	102	0	0	0	0	0	55	69	55	54	55	50	0	0	0	0	0	0
"vie"	26	25	19	19	19	24	13	13	11	30	31	36	59	36	29	29	30	31	30	28	21	39	33	29	24	9	23	21	12	16	8	20	23	14	15	29	21	14	34	34	10	9	9	17	23	28	46	30	30	34	46	26	40	26	32	16	19
"recevoir"	19	24	40	18	23	34	16	26	21	21	13	20	36	36	21	28	23	28	27	26	22	31	39	14	21	12	24	38	34	12	10	14	14	8	12	10	15	23	28	20	15	13	9	16	21	23	46	54	35	42	28	26	52	49	43	10	25
"quand"	31	51	39	25	25	45	21	38	23	43	41	26	3	4	14	5	5	1	4	12	7	6	6	17	12	13	19	16	16	12	67	48	91	41	19	15	17	12	17	26	51	50	43	34	58	6	9	11	10	10	12	17	10	7	37	44	60
"reprendre"	17	41	43	27	21	37	16	24	11	4	4	11	16	15	16	9	11	6	14	23	16	29	26	3	3	1	3	4	3	6	6	15	23	29	87	52	48	39	48	50	75	75	26	41	41	19	31	25	13	18	38	39	16	17	21	11	15
"lequel"	4	21	13	4	4	5	6	8	7	12	12	25	39	28	27	29	21	23	18	29	25	24	20	36	28	38	44	46	28	19	10	8	19	9	10	34	33	33	39	38	28	24	10	16	31	36	21	42	44	48	50	10	47	41	20	10	22
"premier"	29	24	49	10	23	15	16	29	15	22	23	26	19	17	18	29	19	14	20	15	14	27	28	53	27	27	47	48	51	18	6	6	31	6	20	11	22	16	11	18	36	27	13	11	22	17	26	27	21	22	23	16	60	56	41	9	24
"avoyer"	0	0	0	0	0	0	0	0	0	0	0	0	35	27	54	56	60	74	58	29	17	0	0	79	83	96	106	68	73	36	6	9	0	0	15	10	21	17	16	14	0	0	0	0	0	31	79	57	40	47	50	0	0	0	0	0	0
"plaisir"	10	30	40	19	22	19	22	24	23	16	12	26	16	15	9	5	6	8	26	26	22	41	13	8	0	7	4	5	6	4	68	49	32	8	40	21	24	28	20	22	43	51	15	9	16	14	24	28	49	44	19	27	32	36	110	11	23
"raison"	8	12	17	8	8	16	9	5	7	15	25	20	34	23	17	24	25	24	38	37	44	22	16	13	12	9	19	17	19	10	36	16	37	11	28	32	44	38	36	33	33	31	26	19	36	35	35	34	25	27	48	8	38	39	19	9	20
"lieu"	20	15	21	11	14	24	23	15	8	27	20	16	37	22	24	14	22	27	24	11	20	22	23	40	31	29	40	57	23	22	9	15	20	7	26	32	50	44	36	43	13	14	15	13	19	23	27	31	13	19	23	16	20	27	37	4	6
"vivre"	41	41	27	10	29	24	25	28	7	45	42	34	33	12	20	16	12	16	29	15	14	30	31	5	11	9	5	12	12	8	5	21	41	14	21	16	21	9	14	30	15	20	16	18	27	19	21	15	16	26	20	26	30	40	90	40	19
"penser"	14	23	24	14	11	19	13	20	10	18	14	18	18	13	7	19	8	19	23	14	17	15	15	8	9	3	1	5	10	4	54	41	57	23	22	18	32	38	19	25	54	95	37	44	48	13	20	23	20	30	28	11	51	38	15	13	17
"air"	33	34	31	32	34	34	23	30	21	12	8	10	17	18	24	15	19	22	14	14	27	22	18	6	11	15	7	7	5	5	11	15	35	22	31	27	22	40	29	21	51	47	33	31	40	26	24	30	20	18	20	2	37	31	26	23	11
"cependant"	14	13	19	15	14	15	9	8	2	12	10	16	25	19	17	25	19	18	34	23	28	21	23	17	26	26	20	20	26	7	23	26	9	6	44	37	30	43	24	28	44	43	6	7	22	37	40	27	25	26	30	28	36	48	33	16	10
"main"	22	23	11	21	20	31	20	20	17	16	13	12	34	17	15	24	25	25	17	15	33	21	34	14	17	21	22	26	24	8	11	6	22	23	33	44	32	32	17	42	16	8	21	19	25	38	23	31	24	23	44	19	30	22	22	18	20
"enfin"	25	19	23	9	9	21	15	25	8	14	22	14	19	16	15	23	22	20	17	11	14	19	21	27	15	29	28	32	32	23	27	23	18	7	17	15	20	20	17	25	55	47	13	17	18	27	40	25	19	18	30	39	28	35	40	16	38
"donc"	27	24	37	26	21	26	21	34	13	11	14	21	32	9	14	22	18	25	25	27	18	27	27	11	5	7	10	17	10	6	22	38	55	32	38	23	12	11	18	28	37	32	34	57	59	24	23	6	6	4	19	23	10	13	19	24	28
"sortir"	39	24	23	36	39	37	22	30	9	25	14	16	25	27	24	27	8	12	18	13	23	30	35	18	21	27	10	32	23	19	8	9	25	22	34	29	24	43	19	24	16	13	9	19	34	18	19	14	16	18	12	25	35	34	22	15	12
"apprendre"	32	33	41	24	20	30	25	24	22	14	15	10	45	38	31	33	25	22	31	15	38	32	43	7	9	8	14	22	22	7	11	12	27	10	0	0	0	1	0	0	16	23	15	14	22	30	41	43	24	27	45	16	59	63	19	9	14
"sentir"	24	21	22	18	13	30	15	24	10	23	17	14	25	18	13	15	21	24	35	31	33	26	21	13	6	7	17	9	12	6	43	39	38	17	20	14	11	8	10	9	47	42	27	14	25	27	29	27	17	15	21	42	24	39	65	18	8
"suivre"	24	31	33	17	22	26	20	19	9	6	19	10	36	30	20	19	22	27	11	19	20	24	30	31	12	33	29	33	26	24	7	8	11	9	19	25	23	19	11	23	10	10	19	16	19	28	37	34	22	42	24	23	19	36	26	9	12
"attendre"	19	27	22	15	22	31	27	22	19	7	9	3	13	21	22	32	25	31	16	20	14	29	43	10	3	6	14	14	16	16	9	10	22	19	23	31	18	27	20	37	40	18	23	26	32	25	27	28	18	24	26	15	45	32	28	12	18
"foi|fois"	16	16	12	17	12	10	11	16	7	25	19	17	31	26	25	23	20	21	25	17	24	27	27	10	24	9	16	16	14	9	9	14	32	9	31	25	30	36	25	32	25	20	20	7	30	31	37	31	29	28	32	10	30	41	26	9	25
"entrer"	35	25	26	30	21	45	21	26	9	16	21	16	21	26	18	24	13	12	15	11	17	32	17	18	22	16	16	33	27	12	12	10	19	21	20	38	25	38	22	24	15	17	14	31	31	15	19	17	28	13	17	15	23	30	20	13	25
"peut-être"	21	17	13	16	6	15	11	18	15	15	10	14	29	15	16	24	17	27	30	14	32	14	13	13	3	8	7	17	14	9	62	37	29	15	18	12	18	17	19	17	46	33	28	32	49	33	34	30	21	25	34	27	26	32	20	15	8
"temps"	47	37	44	38	23	48	44	46	25	23	31	30	33	0	1	0	0	0	0	0	0	34	37	47	14	1	42	27	32	10	0	0	41	19	0	0	0	0	0	0	47	54	23	24	36	0	0	1	0	1	0	46	45	37	62	26	29
"eux"	18	21	11	9	18	8	23	15	8	29	23	37	11	8	29	42	49	49	16	12	3	4	12	61	53	63	101	85	56	19	6	3	45	7	9	6	2	4	9	5	7	15	11	13	10	4	13	17	9	22	13	10	12	12	16	6	17
"tenir"	24	37	31	20	17	27	30	26	11	16	22	8	20	13	22	17	16	14	12	15	19	18	27	15	9	16	16	23	14	7	17	14	85	23	31	23	15	24	28	28	26	14	25	41	44	12	19	6	4	12	11	10	28	20	34	23	16
"servir"	24	36	20	24	25	28	13	23	11	19	15	22	33	20	20	22	18	22	32	21	16	29	18	22	13	22	12	24	12	10	13	11	21	9	22	17	25	27	20	26	12	13	22	8	10	23	24	37	32	26	25	16	38	37	21	12	19
"depuis"	29	21	26	24	14	21	14	14	6	16	13	20	29	21	16	14	17	24	14	10	14	19	21	26	25	26	25	24	22	13	13	16	11	5	47	27	27	21	27	34	26	18	16	6	14	28	35	22	12	21	29	9	36	40	23	26	8
"beaucoup"	15	15	13	13	16	14	10	15	9	9	8	12	24	20	17	12	24	24	22	28	25	23	14	13	8	22	23	28	19	8	6	6	24	9	32	16	34	39	22	26	28	25	25	22	27	30	23	33	24	27	21	9	47	52	21	8	25
"tu"	73	88	115	49	69	36	9	78	17	104	64	41	11	5	5	4	6	4	5	2	0	27	30	1	0	0	6	4	0	7	0	19	52	2	15	9	0	4	7	10	0	0	39	27	29	12	21	2	1	3	5	9	0	0	0	7	16
"regarder"	19	20	32	15	18	20	17	21	15	30	16	12	28	19	20	17	13	16	20	23	20	22	16	17	13	2	11	9	4	6	11	11	41	24	25	14	9	15	14	11	47	29	33	34	36	19	25	26	15	15	25	15	31	26	26	9	22
"perdre"	17	15	18	16	14	24	15	17	15	26	9	20	23	22	13	22	15	26	22	20	19	21	21	9	8	3	8	12	12	10	27	49	24	13	14	22	12	20	15	16	33	33	22	25	21	26	27	18	32	8	26	17	27	18	26	20	27
"discours"	14	16	20	17	15	14	14	23	12	2	4	7	6	14	26	20	9	13	7	11	13	11	13	12	18	3	13	19	11	10	19	10	31	15	41	27	43	31	38	32	35	20	19	20	20	19	36	28	19	32	28	27	47	28	30	14	14
"M"	0	2	0	4	3	1	1	6	0	0	2	3	21	43	11	2	6	0	0	8	60	71	141	3	0	0	0	0	0	0	4	1	14	37	13	27	0	1	0	0	0	5	22	42	36	41	70	43	11	6	6	234	0	29	14	49	12
"ainsi"	17	15	20	12	11	14	14	22	13	11	17	19	26	13	18	15	19	28	23	17	15	14	9	48	41	34	42	38	46	17	10	7	37	15	30	16	8	12	13	13	11	10	13	25	32	15	18	10	24	17	17	18	9	12	21	15	23
"état"	17	18	22	13	5	12	6	21	9	11	14	19	18	15	10	25	25	17	27	10	8	20	15	30	23	19	20	38	27	11	21	16	11	13	20	23	15	18	22	24	11	17	13	17	21	24	29	20	15	22	23	53	14	27	45	28	12
"jeune"	29	30	22	19	28	45	34	25	8	14	8	12	19	7	19	10	8	5	2	4	4	15	16	45	17	33	4	11	53	11	5	4	45	19	25	30	33	28	17	13	27	15	16	20	30	7	3	14	3	14	3	9	57	37	28	17	21
"ami"	19	35	48	22	24	26	17	39	27	16	8	4	51	14	8	31	3	7	26	8	9	36	12	3	1	1	3	10	2	1	16	20	44	6	9	18	16	31	18	27	9	5	28	18	26	6	23	12	14	26	19	30	24	31	50	31	22
"petit"	28	42	19	35	33	29	24	23	11	15	14	22	26	5	19	14	10	26	12	10	13	20	17	13	11	9	11	21	7	3	11	15	49	41	25	22	12	29	19	31	7	14	38	20	65	0	3	1	8	9	5	1	7	4	31	42	36
"beau"	32	48	31	30	29	35	16	37	19	22	14	16	4	5	8	1	3	4	2	8	16	14	11	18	3	4	4	3	3	4	22	17	68	35	56	29	45	35	24	26	21	20	30	25	16	6	4	5	4	4	3	5	14	11	26	8	62
"car"	25	20	22	19	12	13	13	18	4	37	39	27	23	11	21	14	13	10	13	13	16	27	21	14	8	12	6	26	10	3	13	5	86	32	20	12	11	18	12	12	18	12	25	25	32	28	36	11	11	11	12	8	13	12	25	16	39
"non"	20	21	24	16	22	33	12	21	7	19	17	13	16	10	7	12	5	9	12	15	11	24	21	26	15	21	12	12	23	9	9	9	62	44	32	11	13	12	11	13	23	24	37	42	65	19	16	8	6	5	12	11	28	20	10	25	12
"maison"	17	34	23	32	29	33	25	32	13	21	13	13	23	12	21	6	11	6	8	20	23	36	17	13	28	10	8	25	3	6	3	2	15	16	18	28	15	11	4	28	1	8	6	15	10	23	23	31	22	19	10	9	36	44	55	29	20
"quoique"	17	25	31	13	9	26	18	23	7	12	12	9	29	12	21	23	21	23	27	24	29	19	18	31	18	22	25	32	22	9	14	13	12	3	17	10	18	17	8	14	19	23	8	6	15	17	18	30	16	22	17	28	22	30	31	11	14
"lettre"	6	9	14	1	12	20	11	1	16	66	53	60	6	15	0	12	13	1	0	5	5	7	21	10	4	7	12	18	21	7	77	60	21	7	41	19	37	54	41	52	0	2	12	1	30	2	10	18	6	12	29	13	10	23	30	12	5
"roi"	2	12	79	4	19	50	3	7	18	17	14	47	26	82	4	9	8	1	8	35	14	1	2	100	16	38	56	13	37	29	0	0	2	0	19	1	3	21	2	3	0	0	0	0	1	5	5	17	21	4	22	113	2	4	6	0	52
"soin"	14	21	28	11	6	18	8	12	9	15	3	5	34	23	20	16	23	21	22	15	21	16	19	16	10	9	8	9	8	6	26	25	12	8	25	13	19	17	8	12	25	27	8	6	4	30	40	42	43	44	27	12	30	57	28	6	10
"pendant"	15	24	22	22	11	13	10	16	10	7	5	10	37	24	26	27	31	36	24	27	16	25	26	15	17	17	17	27	32	19	3	5	12	7	18	21	27	22	14	23	16	9	4	11	22	22	30	14	19	11	18	7	25	41	16	11	12
"dessein"	17	20	12	4	4	11	7	13	8	4	5	5	42	37	33	38	26	27	35	27	29	32	47	16	7	15	20	26	24	14	2	4	9	6	8	13	28	11	15	18	9	7	5	6	21	31	24	40	22	30	24	26	28	36	8	8	3
"porter"	18	21	15	15	13	18	10	20	6	22	19	26	14	16	12	23	13	19	28	14	17	19	18	35	23	17	30	29	25	10	8	7	18	13	18	9	13	6	11	17	15	21	7	12	23	25	22	18	31	28	29	16	29	35	20	11	20
"tems"	0	0	0	0	0	0	0	0	0	0	0	0	17	41	36	37	31	40	47	33	44	0	0	12	20	44	1	18	20	21	40	40	0	0	48	53	41	55	38	54	0	0	0	0	0	35	32	35	29	28	40	0	0	0	0	0	0
"ici"	34	22	14	4	17	16	16	12	8	16	25	20	16	3	17	17	13	9	22	10	14	15	12	13	14	7	24	25	11	8	11	10	75	23	25	25	14	23	21	22	16	15	29	41	48	17	13	12	10	7	12	13	6	14	10	20	28
"heureux"	11	10	19	11	13	16	10	10	5	33	15	17	20	19	31	14	23	24	23	12	14	21	16	5	6	8	10	7	19	13	27	30	10	3	34	17	37	20	18	18	14	17	5	6	9	10	23	26	28	30	40	29	29	18	42	8	9
"autant"	11	11	21	7	4	16	7	8	7	14	9	16	13	15	14	8	13	15	15	14	14	13	12	14	7	14	14	33	16	12	24	18	23	7	20	10	18	25	13	24	29	33	19	12	19	26	27	30	35	30	28	19	40	48	18	10	10
"idée"	3	5	4	2	3	8	2	2	4	7	16	13	31	11	10	10	7	12	16	17	14	17	16	14	13	5	11	5	3	4	21	34	69	9	15	17	24	16	19	27	44	57	7	4	7	17	31	31	22	47	48	17	48	37	32	4	9
"mot"	20	20	19	17	20	24	15	24	12	5	10	6	15	9	8	11	5	15	10	8	13	14	17	7	5	7	7	11	10	5	18	9	86	18	46	40	26	28	35	37	16	10	24	26	35	10	12	15	14	14	14	6	22	10	19	16	17
"mieux"	19	18	18	16	22	20	21	30	14	10	16	11	9	10	10	8	8	8	9	9	9	9	11	11	10	7	9	20	16	8	41	22	43	25	28	25	26	27	14	29	21	30	24	24	31	9	10	8	9	18	13	15	18	21	18	19	27
"connaître"	30	23	22	14	14	29	30	21	14	13	20	18	8	6	5	1	3	2	7	9	9	28	23	4	3	6	7	4	4	3	3	5	55	29	12	3	5	8	5	5	50	52	24	31	34	8	6	7	4	15	8	38	63	57	46	18	17
"ton"	29	32	52	35	42	27	11	34	9	73	35	6	21	12	8	12	7	7	11	10	10	22	24	2	1	4	18	3	4	15	2	9	35	7	7	10	13	20	12	16	23	35	20	17	29	21	24	15	4	8	20	9	6	17	13	9	11
"alors"	22	17	17	11	23	21	17	27	12	1	2	3	26	18	18	23	14	15	14	22	19	13	11	27	12	12	14	18	41	20	1	5	32	17	24	10	23	22	8	21	28	17	12	28	27	6	6	9	11	11	6	36	13	12	36	32	8
"maître"	18	47	50	61	70	33	17	56	10	21	20	15	18	12	3	11	7	7	13	3	6	8	12	12	13	12	18	17	25	13	2	8	8	7	23	7	20	11	11	19	1	3	2	3	5	5	3	11	8	3	10	6	79	17	10	5	39
"mille"	13	7	18	14	14	13	14	9	14	30	21	29	17	24	9	16	13	27	16	14	21	37	24	7	5	14	16	2	24	16	13	2	17	7	12	16	10	18	11	12	14	11	11	13	10	20	24	26	16	19	34	7	31	32	7	5	48
"contre"	8	20	20	14	6	20	8	19	4	17	13	16	23	13	16	29	17	10	13	14	10	6	14	22	22	14	25	23	37	12	18	17	19	10	11	14	22	11	18	8	31	20	12	13	12	16	21	19	20	11	19	29	16	19	16	12	20
"te"	63	50	118	57	68	30	4	70	11	90	45	27	1	2	0	7	2	1	6	1	2	18	19	0	0	1	7	0	1	8	0	16	49	3	8	0	1	1	1	8	0	0	41	16	37	9	12	2	2	0	6	5	0	0	0	3	9
"entre"	20	25	18	17	23	26	15	24	14	26	15	22	21	10	20	12	14	18	7	13	13	10	12	30	23	19	28	29	28	15	9	7	22	5	9	12	16	7	11	8	17	21	10	19	15	11	14	13	12	23	19	16	17	16	16	8	17
"effet"	9	15	15	12	8	12	7	12	9	8	5	17	30	24	16	21	15	20	33	24	16	10	19	16	14	16	19	24	18	10	8	5	16	6	9	10	10	14	12	23	25	21	11	15	16	34	21	33	22	18	28	19	24	22	17	9	14
"quoi"	14	29	29	15	12	21	13	21	10	6	10	12	11	7	10	13	6	9	10	17	7	10	16	4	9	8	6	10	7	7	21	17	73	29	21	21	14	12	11	17	27	25	31	41	50	14	15	12	6	11	12	11	19	9	10	21	27
"seigneur"	36	53	85	36	87	77	54	84	47	5	11	4	6	10	1	5	7	3	2	4	0	1	1	13	1	20	18	20	29	16	0	0	8	2	20	10	14	30	19	26	1	0	1	3	9	0	1	1	3	0	1	7	16	9	3	2	11
